"Allport, G. W., and L. Postman.",The Psychology of Rumor[M].,"New York: Henry Holt and Company, ",p ,1947,,"Allport, G. W., and L. Postman. The Psychology of Rumor[M]. New York: Henry Holt and Company, 1947."
李智.,"谣言, 流言和传说——人类意义生产的三种非常信息传播形态[J].","北京行政学院学报, ",p (2),2011,115-119,"李智. 谣言, 流言和传说——人类意义生产的三种非常信息传播形态[J]. 北京行政学院学报, 2011, (2): 115-119."
"DiFonzo N, Bordia P.",Rumor psychology: Social and organizational approaches[M].,"Washington: American Psychological Association, ",p ,2007,,"DiFonzo N, Bordia P. Rumor psychology: Social and organizational approaches[M]. Washington: American Psychological Association, 2007: 9."
"贾宏渊, 贾博森.",网络谣言的成因及防控对策[J].,"中国广播电视学刊, ",p (9),2016,60-62,"贾宏渊, 贾博森. 网络谣言的成因及防控对策[J]. 中国广播电视学刊, 2016, (9): 60-62."
"陈庆新, 赵乐平.",网络谣言的产生原因与应对策略[J].,"当代电视, ",p (1),2017,98-99,"陈庆新, 赵乐平. 网络谣言的产生原因与应对策略[J]. 当代电视, 2017, (1): 98-99."
赵宇.,网络谣言的传播成因及媒体对策[J].,"中国广播电视学刊, ",p (12),2016,58-60,"赵宇. 网络谣言的传播成因及媒体对策[J]. 中国广播电视学刊, 2016, (12): 58-60."
杨茂凯.,"网络谣言的成因, 危害及其治理对策研究[D].","南昌：江西农业大学, ",p ,2013,,"杨茂凯. 网络谣言的成因, 危害及其治理对策研究[D]. 南昌：江西农业大学, 2013."
姜胜洪.,"网络谣言的形成, 传导与舆情引导机制[J].","重庆社会科学, ",p (6),2012,12-20,"姜胜洪. 网络谣言的形成, 传导与舆情引导机制[J]. 重庆社会科学, 2012, (6): 12-20."
柴艳茹.,网络谣言对社会稳定的危害及其治理[J].,"人民论坛: 中旬刊, ",p (7),2013,20-23,"柴艳茹. 网络谣言对社会稳定的危害及其治理[J]. 人民论坛: 中旬刊, 2013, (7): 20-23."
董经纬.,公共治理视角下网络谣言的传播及其规制消解[J].,"理论探讨, ",p (1),2016,174-176,"董经纬. 公共治理视角下网络谣言的传播及其规制消解[J]. 理论探讨, 2016, (1): 174-176."
陈晨.,大数据背景下网络舆情危机的应对策略[J].,"人民论坛, ",p (4),2017,56-57,"陈晨. 大数据背景下网络舆情危机的应对策略[J]. 人民论坛, 2017, (4): 56-57."
张治中.,网络思想市场的失灵与法律规制[J].,"当代传播, ",p (2),2017,70-73,"张治中. 网络思想市场的失灵与法律规制[J]. 当代传播, 2017, (2):70-73."
苏青.,网络谣言的刑法规制:基于《刑法修正案(九)》的解读[J].,"当代法学, ",p (1),2017,15-26,"苏青. 网络谣言的刑法规制:基于《刑法修正案(九)》的解读[J]. 当代法学, 2017,(1): 15-26."
"张志安, 束开荣.",网络谣言的监管困境与治理逻辑[J].,"新闻与写作, ",p (5),2016,54-57,"张志安, 束开荣. 网络谣言的监管困境与治理逻辑[J]. 新闻与写作, 2016, (5): 54-57."
"刘翠莲, 孙晓红, 申灿.",网络谣言的政府应对: 现状及对策[J].,"新闻与写作, ",p 2017 (1),,100-102,"刘翠莲, 孙晓红, 申灿. 网络谣言的政府应对: 现状及对策[J]. 新闻与写作, 2017 (1): 100-102."
"顾亦然, 夏玲玲.",在线社交网络中谣言的传播与抑制[J].,"物理学报, ",p 61(23),2012,544-550,"顾亦然, 夏玲玲. 在线社交网络中谣言的传播与抑制[J]. 物理学报, 2012, 61(23): 544-550."
"兰月新, 曾润喜.",突发事件网络舆情传播规律与预警阶段研究[J].,"情报杂志, ",p 32(5),2013,16-19,"兰月新, 曾润喜. 突发事件网络舆情传播规律与预警阶段研究[J]. 情报杂志, 2013, 32(5): 16-19."
"马宇红,张琴,陈闪.",具有自我学习机制的网络谣言传播与仿真研究[J].,"西南大学学报(自然科学版),",p (05),2017,178-184,"马宇红,张琴,陈闪. 具有自我学习机制的网络谣言传播与仿真研究[J]. 西南大学学报(自然科学版),2017, (05):178-184."
"孙嘉卿,金盛华,曹慎慎.",灾难后谣言传播心理的定性分析——以“5·12汶川地震”谣言为例[J].,"心理科学进展,",p (03),2009,602-609,"孙嘉卿,金盛华,曹慎慎. 灾难后谣言传播心理的定性分析——以“5·12汶川地震”谣言为例[J]. 心理科学进展,2009,(03):602-609."
"匡文波,郭育丰.",微博时代下谣言的传播与消解——以“7·23”甬温线高铁事故为例[J].,"国际新闻界,",p (2),2012,64-69,"匡文波,郭育丰. 微博时代下谣言的传播与消解——以“7·23”甬温线高铁事故为例[J]. 国际新闻界,2012,(2):64-69."
顾金喜.,“微时代”网络谣言的传播机制研究——一种基于典型案例的分析[J].,"浙江大学学报(人文社会科学版),",p (3),2017,93-104,"顾金喜. “微时代”网络谣言的传播机制研究——一种基于典型案例的分析[J]. 浙江大学学报(人文社会科学版),2017,(3):93-104."
"Ortiz-Martínez Y, Jiménez-Arcia L F.",Yellow fever outbreaks and Twitter: Rumors and misinformation[J].,"American Journal of Infection Control, ",p ,2017,,"Ortiz-Martínez Y, Jiménez-Arcia L F. Yellow fever outbreaks and Twitter: Rumors and misinformation[J]. American Journal of Infection Control, 2017."
"Wu S, Liu Q, Liu Y, et al.",Information credibility evaluation on social media[C],Thirtieth AAAI Conference on Artificial Intelligence. ,p ,2016,,"Wu S, Liu Q, Liu Y, et al. Information credibility evaluation on social media[C]//Thirtieth AAAI Conference on Artificial Intelligence. 2016."
"Li D, Ma J.",How the government’s punishment and individual’s sensitivity affect the rumor spreading in online social networks[J].,"Physica A: Statistical Mechanics and its Applications, ",p ,2017,284-292,"Li D, Ma J. How the government’s punishment and individual’s sensitivity affect the rumor spreading in online social networks[J]. Physica A: Statistical Mechanics and its Applications, 2017, 469: 284-292."
"Yang H L, Wu W P.",The Effects of Consumers' Belief regarding Internet Rumors on Purchasese Intention from Different Spreading Channels[J].,"2016, ",p 6(1),2016,6-8,"Yang H L, Wu W P. The Effects of Consumers' Belief regarding Internet Rumors on Purchasese Intention from Different Spreading Channels[J]. 2016, 6(1):6-8."
"Wirama D G, Wiksuana I G B, Mohd-Sanusi Z, et al.",Price Manipulation by Dissemination of Rumors: Evidence from the Indonesian Stock Market[J].,"International Journal of Economics and Financial Issues, ",p 7(1),2017,429-434,"Wirama D G, Wiksuana I G B, Mohd-Sanusi Z, et al. Price Manipulation by Dissemination of Rumors: Evidence from the Indonesian Stock Market[J]. International Journal of Economics and Financial Issues, 2017, 7(1):429-434."
"桂斌,杨小平,张中夏,肖文韬.",基于微博表情符号的情感词典构建研究[J].,"北京理工大学学报,",p (5),2014,537-541,"桂斌,杨小平,张中夏,肖文韬. 基于微博表情符号的情感词典构建研究[J]. 北京理工大学学报,2014,(5):537-541."
"张克亮,黄金柱,曹蓉,李峰.",基于HNC语境框架和情感词典的文本情感倾向分析[J].,"山东大学学报(理学版),",p (7),2016,,"张克亮,黄金柱,曹蓉,李峰. 基于HNC语境框架和情感词典的文本情感倾向分析[J]. 山东大学学报(理学版),2016,(7):51-58+73."
"林平荣,侯志,文贵华.",基于深度学习的情感识别开放平台[J].,"计算机工程与设计,",p (6),2016,1510-1514,"林平荣,侯志,文贵华. 基于深度学习的情感识别开放平台[J]. 计算机工程与设计,2016,(6):1510-1514."
"张兢,曾建梅,李冠迪,史文进.",FA-SVM优化算法在情感识别中的应用[J].,"激光杂志,",p (9),2016,76-79,"张兢,曾建梅,李冠迪,史文进. FA-SVM优化算法在情感识别中的应用[J]. 激光杂志,2016,(9):76-79."
"姜晓庆,夏克文,林永良.",使用二次特征选择及核融合的语音情感识别[J].,"计算机工程与应用,",p (3),2017,,"姜晓庆,夏克文,林永良. 使用二次特征选择及核融合的语音情感识别[J]. 计算机工程与应用,2017,(3):7-11+153."
"滕少冬,王志良, 王莉,等.",基于马尔可夫链的情感计算建模方法[J]．,计算机工程，,p (5),2005,,"滕少冬,王志良, 王莉,等. 基于马尔可夫链的情感计算建模方法[J]． 计算机工程，2005, (5):17-19．"
"王巍, 王志良, 郑思仪, 等.",人机交互中的个性化情感模型[J].,"智能系统学报, ",p 5(1),2010,10-16,"王巍, 王志良, 郑思仪, 等. 人机交互中的个性化情感模型[J]. 智能系统学报, 2010, 5(1): 10-16."
徐健.,基于网络用户情感分析的预测方法研究[J].,"中国图书馆学报, ",p (3),2013,96-107,"徐健. 基于网络用户情感分析的预测方法研究[J]. 中国图书馆学报, 2013, (3): 96-107."
杜晋丰.,网络警民沟通方法试析[J].,"中国人民公安大学学报(社会科学版),",p (2),2017,116-121,"杜晋丰. 网络警民沟通方法试析[J]. 中国人民公安大学学报(社会科学版),2017,(2):116-121."
"王波,郭晓军.",基于情感分析的网络财经媒体通货膨胀预期研究[J].,"图书情报工作,",p (16),2011,,"王波,郭晓军. 基于情感分析的网络财经媒体通货膨胀预期研究[J]. 图书情报工作,2011,(16):140-143+90."
"He S, Zheng X, Zeng D, et al.",Exploring entrainment patterns of human emotion in social media[J].,"PloS one, ",p 11(3),2016,1-19,"He S, Zheng X, Zeng D, et al. Exploring entrainment patterns of human emotion in social media[J]. PloS one, 2016, 11(3):1-19."
Zoican S.,On Real Time Implementation of Emotion Detection Algorithms in Internet of Things[M],"Batalla J M, Mastorakis G, Mavromoustakis C X, et al. Beyond the Internet of Things. : Gewerbestrasse: Springer International Publishing, ",p ,2017,243-268,"Zoican S. On Real Time Implementation of Emotion Detection Algorithms in Internet of Things[M]// Batalla J M, Mastorakis G, Mavromoustakis C X, et al. Beyond the Internet of Things. : Gewerbestrasse: Springer International Publishing, 2017: 243-268."
"Ordenes F V, Ludwig S, De Ruyter K, et al.","Unveiling What Is Written in the Stars: Analyzing Explicit, Implicit, and Discourse Patterns of Sentiment in Social Media[J].","Journal of Consumer Research, ",p ,2017,875-894,"Ordenes F V, Ludwig S, De Ruyter K, et al. Unveiling What Is Written in the Stars: Analyzing Explicit, Implicit, and Discourse Patterns of Sentiment in Social Media[J]. Journal of Consumer Research, 2017: 875-894."
"Picard R W, Picard R.",Affective computing[M].,"Cambridge: MIT press, ",p ,1995,,"Picard R W, Picard R. Affective computing[M]. Cambridge: MIT press, 1995."
"Ortony A, Clore G L, Collins A.",The cognitive structure of emotions[M].,"Cambridge: Cambridge university press, ",p ,1990,,"Ortony A, Clore G L, Collins A. The cognitive structure of emotions[M]. Cambridge: Cambridge university press, 1990."
"Iral J. Roseman, Martin S. Spindel, Paul E. Jose.",Appraisals of emotion-eliciting events: testing a theory of discrete emotions[J].,"Personality and social psychology, ",p 59(5),1990,899-915,"Iral J. Roseman, Martin S. Spindel, Paul E. Jose. Appraisals of emotion-eliciting events: testing a theory of discrete emotions[J]. Personality and social psychology, 1990. 59(5):899-915."
"Sloman A, Beaudoin L, Wright I.",Computational Modelling Of Motive-Management Processes[C],Proceedings of the Conference of the International Society for Research in Emotions. ,p ,1994,344-348,"Sloman A, Beaudoin L, Wright I. Computational Modelling Of Motive-Management Processes[C]// Proceedings of the Conference of the International Society for Research in Emotions. 1994:344-348."
"Gratch J, Marsella S.",A domain-independent framework for modeling emotion[J].,"Cognitive Systems Research, ",p 5(4),2004,269-306,"Gratch J, Marsella S. A domain-independent framework for modeling emotion[J]. Cognitive Systems Research, 2004, 5(4):269-306."
Park C S.,"Applying “negativity bias” to Twitter: Negative news on Twitter, emotions, and political learning[J].","Journal of Information Technology & Politics, ",p 12(4),2015,342-359,"Park C S. Applying “negativity bias” to Twitter: Negative news on Twitter, emotions, and political learning[J]. Journal of Information Technology & Politics, 2015, 12(4): 342-359."
"Hopp T, Vargo C J.",Does negative campaign advertising stimulate uncivil communication on social media? Measuring audience response using big data[J].,"Computers in Human Behavior, ",p (68),2017,368-377,"Hopp T, Vargo C J. Does negative campaign advertising stimulate uncivil communication on social media? Measuring audience response using big data[J]. Computers in Human Behavior, 2017, (68): 368-377."
"Volkova S, Bachrach Y, Armstrong M, et al.",Inferring Latent User Properties from Texts Published in Social Media[C],AAAI. ,p ,2015,4296-4297,"Volkova S, Bachrach Y, Armstrong M, et al. Inferring Latent User Properties from Texts Published in Social Media[C]//AAAI. 2015: 4296-4297."
"Miura A, Toriumi F, Komori M, et al.",Relationship between emotion and diffusion of disaster information on social media[J].,"Transactions of the Japanese Society for Artificial Intelligence, ",p 31(1),2016,1-0,"Miura A, Toriumi F, Komori M, et al. Relationship between emotion and diffusion of disaster information on social media[J]. Transactions of the Japanese Society for Artificial Intelligence, 2016, 31(1): 1-0."
"Pfeffer J, Zorbach T, Carley K M.",Understanding online firestorms: Negative word-of-mouth dynamics in social media networks[J].,"Journal of Marketing Communications, ",p ,2014,117-128,"Pfeffer J, Zorbach T, Carley K M. Understanding online firestorms: Negative word-of-mouth dynamics in social media networks[J]. Journal of Marketing Communications, 2014, 20(1-2): 117-128."
Sunstein C R.,"On rumors: How falsehoods spread, why we believe them, and what can be done[M].","Princeton: Princeton University Press, ",p ,2014,,"Sunstein C R. On rumors: How falsehoods spread, why we believe them, and what can be done[M]. Princeton: Princeton University Press, 2014."
"Tsugawa S, Ohsaki H.",Negative Messages Spread Rapidly and Widely on Social Media[C],"ACM on Conference on Online Social Networks. ACM, ",p ,2015,151-160,"Tsugawa S, Ohsaki H. Negative Messages Spread Rapidly and Widely on Social Media[C]// ACM on Conference on Online Social Networks. ACM, 2015:151-160."
"Bebbington K, MacLeod C, Ellison T M, et al.",The sky is falling: evidence of a negativity bias in the social transmission of information[J].,"Evolution and Human Behavior, ",p 38(1),2017,92-101,"Bebbington K, MacLeod C, Ellison T M, et al. The sky is falling: evidence of a negativity bias in the social transmission of information[J]. Evolution and Human Behavior, 2017, 38(1): 92-101."
"张扬,崔晨阳.",基于朴素贝叶斯模型的一种网络负面信息预警策略研究[J].,"图书馆杂志,",p (8),2014,78-82,"张扬,崔晨阳. 基于朴素贝叶斯模型的一种网络负面信息预警策略研究[J]. 图书馆杂志,2014,(8):78-82."
"Zollo F, Novak P K, Del Vicario M, et al.",Emotional dynamics in the age of misinformation[J].,"PloS one, ",p 10(9),2015,,"Zollo F, Novak P K, Del Vicario M, et al. Emotional dynamics in the age of misinformation[J]. PloS one, 2015, 10(9): e0138740."
"Kwon G, Cho S.","Effects of rumor recipient's information processing disposition, prior attitude, and prior knowledge on rumor word-of-mouth intentions[J].","Journal of Public Relations, ",p (21),2017,1-25,"Kwon G, Cho S. Effects of rumor recipient's information processing disposition, prior attitude, and prior knowledge on rumor word-of-mouth intentions[J]. Journal of Public Relations, 2017, (21): 1-25."
杨宝琦.,网络危机传播及管理对策研究[D].,"长沙: 国防科学技术大学,",p ,2010,,"杨宝琦. 网络危机传播及管理对策研究[D].长沙: 国防科学技术大学,2010."
Jensen J M.,A Strategic Framework for Analysing Negative Rumors in the Market Place: The Case of Wash & Go in Denmark[C],"Proceedings of the 1993 World Marketing Congress. Springer International Publishing, ",p ,2015,575-579,"Jensen J M. A Strategic Framework for Analysing Negative Rumors in the Market Place: The Case of Wash & Go in Denmark[C]//Proceedings of the 1993 World Marketing Congress. Springer International Publishing, 2015: 575-579."
"Wang Q, Song P.",Is Positive Always Positive? The Effects of Precrisis Media Coverage on Rumor Refutation Effectiveness in Social Media[J].,"Journal of Organizational Computing and Electronic Commerce, ",p 25(1),2015,98-116,"Wang Q, Song P. Is Positive Always Positive? The Effects of Precrisis Media Coverage on Rumor Refutation Effectiveness in Social Media[J]. Journal of Organizational Computing and Electronic Commerce, 2015, 25(1): 98-116."
"Oh O, Agrawal M, Rao H R.",Community intelligence and social media services: A rumor theoretic analysis of tweets during social crises[J].,"Mis Quarterly, ",p 37(2),2013,407-426,"Oh O, Agrawal M, Rao H R. Community intelligence and social media services: A rumor theoretic analysis of tweets during social crises[J]. Mis Quarterly, 2013, 37(2): 407-426."
"Liu F, Burton-Jones A, Xu D.",Rumors on Social Media in disasters: Extending Transmission to Retransmission[C],PACIS. ,p ,2014,,"Liu F, Burton-Jones A, Xu D. Rumors on Social Media in disasters: Extending Transmission to Retransmission[C]//PACIS. 2014: 49."
"Sul H K, Dennis A R, Yuan L I.",Trading on twitter: The financial information content of emotion in social media[C],"System Sciences (HICSS), ",p ,2014,806-815,"Sul H K, Dennis A R, Yuan L I. Trading on twitter: The financial information content of emotion in social media[C]//System Sciences (HICSS), 2014 47th Hawaii International Conference on. IEEE, 2014: 806-815."
"Chang T, Hsu P Y, Cheng M S, et al.",Detecting fake review with rumor model—Case study in hotel review[C],"International Conference on Intelligent Science and Big Data Engineering. Springer International Publishing, ",p ,2015,181-192,"Chang T, Hsu P Y, Cheng M S, et al. Detecting fake review with rumor model—Case study in hotel review[C]//International Conference on Intelligent Science and Big Data Engineering. Springer International Publishing, 2015: 181-192."
孟昭兰.,情绪心理学[M].,北京:北京大学出版社. ,p ,2005,,孟昭兰.情绪心理学[M]. 北京:北京大学出版社. 2005:333
"Ekman P, Friesen W V.",Unmasking the face: A guide to recognizing emotions from facial clues[M].,"Ishk, ",p ,2003,,"Ekman P, Friesen W V. Unmasking the face: A guide to recognizing emotions from facial clues[M]. Ishk, 2003."
"Hongye L, Zhaohui L, Mingdong C, et al.",Research of Forwarding Behaviors of Users in Micro Blogs[C],"Instrumentation and Measurement, Computer, Communication and Control (IMCCC), ",p ,2014,893-896,"Hongye L, Zhaohui L, Mingdong C, et al. Research of Forwarding Behaviors of Users in Micro Blogs[C]//Instrumentation and Measurement, Computer, Communication and Control (IMCCC), 2014 Fourth International Conference on. IEEE, 2014: 893-896."
"Matsumura N, Miura A, Komori M, et al.","Media Mediate Sentiments: Exploratory Analysis of Tweets Posted Before, During, and After the Great East Japan Earthquake[J].","International Journal of Knowledge Society Research (IJKSR), ",p 7(2),2016,57-71,"Matsumura N, Miura A, Komori M, et al. Media Mediate Sentiments: Exploratory Analysis of Tweets Posted Before, During, and After the Great East Japan Earthquake[J]. International Journal of Knowledge Society Research (IJKSR), 2016, 7(2): 57-71."
"Song J, Song T M, Seo D C, et al.",Social Big Data Analysis of Information Spread and Perceived Infection Risk During the 2015 Middle East Respiratory Syndrome Outbreak in South Korea[J].,"Cyberpsychology, Behavior, and Social Networking, ",p 20(1),2017,22-29,"Song J, Song T M, Seo D C, et al. Social Big Data Analysis of Information Spread and Perceived Infection Risk During the 2015 Middle East Respiratory Syndrome Outbreak in South Korea[J]. Cyberpsychology, Behavior, and Social Networking, 2017,20(1):22-29."
Chai Jing; Zhang Yangsen; Liu Qingsong.,A method of constructing on micro-blog content credibility model[J].,International Journal of Knowledge and Language Processing. ,p 6(3),2015,1-10,"Chai Jing; Zhang Yangsen; Liu Qingsong. A method of constructing on micro-blog content credibility model[J]. International Journal of Knowledge and Language Processing. 2015, 6(3): 1-10."
"Zollo F, Novak P K, Del Vicario M, et al.",Emotional dynamics in the age of misinformation[J].,"PloS one, ",p 10(9),2015,1-22,"Zollo F, Novak P K, Del Vicario M, et al. Emotional dynamics in the age of misinformation[J]. PloS one, 2015, 10(9): 1-22."
"Wang X, Zhang H.",Propagation of Social Emotion in Cyber Space Based on Cognitive Social Psychology[J].,"IEEE Access, ",p (5),2017,1005-1012,"Wang X, Zhang H. Propagation of Social Emotion in Cyber Space Based on Cognitive Social Psychology[J]. IEEE Access, 2017, (5): 1005-1012."
"Fitzgerald J, DiGangi J, Kujawa A, et al.",454-Neural Indices of Cognitive Emotion Regulation and Course of PTSD Symptom Severity in OEF/OIF/OND Veterans[J].,"Biological Psychiatry, ",p 81(10),2017,,"Fitzgerald J, DiGangi J, Kujawa A, et al. 454-Neural Indices of Cognitive Emotion Regulation and Course of PTSD Symptom Severity in OEF/OIF/OND Veterans[J]. Biological Psychiatry, 2017, 81(10): S185."
"Ortony A, Clore G L, Collins A.",The cognitive structure of emotions[M].,"Cambridge : Cambridge university press, ",p ,1990,,"Ortony A, Clore G L, Collins A. The cognitive structure of emotions[M]. Cambridge : Cambridge university press, 1990."
"Shaikh M A M, Helmut P, Ishizuka M.",A cognitively based approach to affect sensing from text[C],"Proceedings of the 11th international conference on Intelligent user interfaces. ACM, ",p ,2006,303-305,"Shaikh M A M, Helmut P, Ishizuka M. A cognitively based approach to affect sensing from text[C]//Proceedings of the 11th international conference on Intelligent user interfaces. ACM, 2006: 303-305."
"张淑华, 朱启文, 杜庆东.",认知科学基础[M].,"北京: 科学出版社, 2007：2.",p ,,,"张淑华, 朱启文, 杜庆东. 认知科学基础[M]. 北京: 科学出版社, 2007：2."
"Balaji M S, Khong K W, Chong A Y L.",Determinants of negative word-of-mouth communication using social networking sites[J].,"Information & Management, ",p 53(4),2016,528-540,"Balaji M S, Khong K W, Chong A Y L. Determinants of negative word-of-mouth communication using social networking sites[J]. Information & Management, 2016, 53(4): 528-540."
Sunstein C R.,"On rumors: How falsehoods spread, why we believe them, and what can be done[M].","Princeton: Princeton University Press, ",p ,2014,,"Sunstein C R. On rumors: How falsehoods spread, why we believe them, and what can be done[M]. Princeton: Princeton University Press, 2014: ."
Cho V.,A study of negative emotional disclosure behavior in social network media: Will an unexpected negative event and personality matter?[J].,"Computers in Human Behavior, ",p (73),2017,172-180,"Cho V. A study of negative emotional disclosure behavior in social network media: Will an unexpected negative event and personality matter?[J]. Computers in Human Behavior, 2017, (73): 172-180."
Newell A.,Production systems: models of control structures[M],"Chase W G. Visual Information Processing. New York: Academic Press, ",p ,1973,463-526,"Newell A. Production systems: models of control structures[M]// Chase W G. Visual Information Processing. New York: Academic Press, 1973: 463-526."
Newell A.,Unified theories of cognition[M].,"Cambridge, MA, USA: Harvard University, ",p ,1990,42-107,"Newell A. Unified theories of cognition[M]. Cambridge, MA, USA: Harvard University, 1990: 42-107."
"Clarke E M, Emerson E A, Sistla A P.",Automatic verification of finite-state concurrent systems using temporal logic specifications[J].,"ACM Transactions on Programming Languages and Systems (TOPLAS), ",p 8(2),1986,244-263,"Clarke E M, Emerson E A, Sistla A P. Automatic verification of finite-state concurrent systems using temporal logic specifications[J]. ACM Transactions on Programming Languages and Systems (TOPLAS), 1986, 8(2): 244-263."
"Queille J P, Sifakis J.",Specification and verification of concurrent systems in CESAR[C].,"International Symposium on Programming. Springer Berlin Heidelberg, ",p ,1982,337-351,"Queille J P, Sifakis J. Specification and verification of concurrent systems in CESAR[C].International Symposium on Programming. Springer Berlin Heidelberg, 1982: 337-351."
"Stieglitz S, Dang-Xuan L.",Emotions and information diffusion in social media—sentiment of microblogs and sharing behavior[J].,"Journal of Management Information Systems, ",p 29(4),2013,217-248,"Stieglitz S, Dang-Xuan L. Emotions and information diffusion in social media—sentiment of microblogs and sharing behavior[J]. Journal of Management Information Systems, 2013, 29(4): 217-248."
"Kim K, Kim J, Reid L N.",Experiencing motivational conflict on social media in a crisis situation: The case of the Chick-fil-A same-sex marriage controversy[J].,"Computers in Human Behavior, ",p (71),2017,32-41,"Kim K, Kim J, Reid L N. Experiencing motivational conflict on social media in a crisis situation: The case of the Chick-fil-A same-sex marriage controversy[J]. Computers in Human Behavior, 2017, (71): 32-41."
"Kim H K, Niederdeppe J.",The role of emotional response during an H1N1 influenza pandemic on a college campus[J].,"Journal of Public Relations Research, ",p 25(1),2013,30-50,"Kim H K, Niederdeppe J. The role of emotional response during an H1N1 influenza pandemic on a college campus[J]. Journal of Public Relations Research, 2013, 25(1): 30-50."
"Yang Q, Wang X, Yin S, et al.",Improved emotional conflict control triggered by the processing priority of negative emotion[J].,"Scientific reports, ",p (6),2016,1-9,"Yang Q, Wang X, Yin S, et al. Improved emotional conflict control triggered by the processing priority of negative emotion[J]. Scientific reports, 2016, (6): 1-9."
Cho V.,A study of negative emotional disclosure behavior in social network media: Will an unexpected negative event and personality matter?[J].,"Computers in Human Behavior, ",p (73),2017,172-180,"Cho V. A study of negative emotional disclosure behavior in social network media: Will an unexpected negative event and personality matter?[J]. Computers in Human Behavior, 2017, (73): 172-180."
"Mitrović M, Paltoglou G, Tadić B.",Networks and emotion-driven user communities at popular blogs[J].,"The European Physical Journal B-Condensed Matter and Complex Systems, ",p 77(4),2010,597-609,"Mitrović M, Paltoglou G, Tadić B. Networks and emotion-driven user communities at popular blogs[J]. The European Physical Journal B-Condensed Matter and Complex Systems, 2010, 77(4): 597-609."
"Mitrović M, Paltoglou G, Tadić B.",Quantitative analysis of bloggers’ collective behavior powered by emotions[J].,"Journal of Statistical Mechanics: Theory and Experiment, ",p (2),2011,,"Mitrović M, Paltoglou G, Tadić B. Quantitative analysis of bloggers’ collective behavior powered by emotions[J]. Journal of Statistical Mechanics: Theory and Experiment, 2011, 2011,(2): P02005."
"Choi Y, Lin Y H.",Consumer responses to Mattel product recalls posted on online bulletin boards: Exploring two types of emotion[J].,"Journal of Public Relations Research, ",p 21(2),2009,198-207,"Choi Y, Lin Y H. Consumer responses to Mattel product recalls posted on online bulletin boards: Exploring two types of emotion[J]. Journal of Public Relations Research, 2009, 21(2): 198-207."
"McDonald L M, Sparks B, Glendon A I.",Stakeholder reactions to company crisis communication and causes[J].,"Public Relations Review, ",p 36(3),2010,263-271,"McDonald L M, Sparks B, Glendon A I. Stakeholder reactions to company crisis communication and causes[J]. Public Relations Review, 2010, 36(3): 263-271."
"Sobkowicz P, Kaschesky M, Bouchard G.","Opinion mining in social media: Modeling, simulating, and forecasting political opinions in the web[J].","Government Information Quarterly, ",p 29(4),2012,470-479,"Sobkowicz P, Kaschesky M, Bouchard G. Opinion mining in social media: Modeling, simulating, and forecasting political opinions in the web[J]. Government Information Quarterly, 2012, 29(4): 470-479."
"Choi Y, Lin Y H.",Consumer responses to Mattel product recalls posted on online bulletin boards: Exploring two types of emotion[J].,"Journal of Public Relations Research, ",p 21(2),2009,198-207,"Choi Y, Lin Y H. Consumer responses to Mattel product recalls posted on online bulletin boards: Exploring two types of emotion[J]. Journal of Public Relations Research, 2009, 21(2): 198-207."
"McDonald L M, Sparks B, Glendon A I.",Stakeholder reactions to company crisis communication and causes[J].,"Public Relations Review, ",p 36(3),2010,263-271,"McDonald L M, Sparks B, Glendon A I. Stakeholder reactions to company crisis communication and causes[J]. Public Relations Review, 2010, 36(3): 263-271."
"El-Nasr M S, Yen J, Ioerger T R.",Flame—fuzzy logic adaptive model of emotions[J].,"Autonomous Agents and Multi-agent systems, ",p 3(3),2000,219-257,"El-Nasr M S, Yen J, Ioerger T R. Flame—fuzzy logic adaptive model of emotions[J]. Autonomous Agents and Multi-agent systems, 2000, 3(3): 219-257."
Gebhard P.,ALMA: a layered model of affect[C],"Proceedings of the fourth international joint conference on Autonomous agents and multiagent systems. ACM, ",p ,2005,29-36,"Gebhard P. ALMA: a layered model of affect[C]//Proceedings of the fourth international joint conference on Autonomous agents and multiagent systems. ACM, 2005: 29-36."
"Mamdani E H, Assilian S.",An experiment in linguistic synthesis with a fuzzy logic controller[J].,"International journal of man-machine studies, ",p 7(1),1975,1-13,"Mamdani E H, Assilian S. An experiment in linguistic synthesis with a fuzzy logic controller[J]. International journal of man-machine studies, 1975, 7(1): 1-13."
"Gluz J, Jaques P A.",A Probabilistic Formalization of the Appraisal for the OCC Event-Based Emotions[J].,"Journal of Artificial Intelligence Research, ",p ,2017,627-664,"Gluz J, Jaques P A. A Probabilistic Formalization of the Appraisal for the OCC Event-Based Emotions[J]. Journal of Artificial Intelligence Research, 2017, 58: 627-664."
朝乐门.,数据科学[M].,"北京: 机械工业出版社, ",p ,2016,20-21,"朝乐门. 数据科学[M]. 北京: 机械工业出版社, 2016: 20-21."
"Stephens K K, Malone P C.",If the organizations won't give us information…: The use of multiple new media for crisis technical translation and dialogue[J].,"Journal of Public Relations Research, ",p 21(2),2009,229-239,"Stephens K K, Malone P C. If the organizations won't give us information…: The use of multiple new media for crisis technical translation and dialogue[J]. Journal of Public Relations Research, 2009, 21(2): 229-239."
"Ritter F, Avraamides M N, Councill I G.",Validating changes to a cognitive architecture to more accurately model the effects of two example behavior moderators[C],Proceedings of 11th CGF Conference. ,p ,2002,,"Ritter F, Avraamides M N, Councill I G. Validating changes to a cognitive architecture to more accurately model the effects of two example behavior moderators[C]//Proceedings of 11th CGF Conference. 2002."
"Picard R W, Picard R.",Affective computing[M].,"Cambridge: Cambridge: MIT press, ",p ,1997,,"Picard R W, Picard R. Affective computing[M]. Cambridge: Cambridge: MIT press, 1997."
陈博.,WEB 文本情感分类中关键问题的研究[J].,"北京: 北京邮电大学, ",p ,2008,,"陈博. WEB 文本情感分类中关键问题的研究[J]. 北京: 北京邮电大学, 2008."
庞娜.,基于 OCC 模型的文本情感识别方法的研究[D].,"太原: 太原理工大学计算机科学与技术学院, ",p ,2008,,"庞娜. 基于 OCC 模型的文本情感识别方法的研究[D]. 太原: 太原理工大学计算机科学与技术学院, 2008."
"Ortony A, Clore G L, Collins A.",The cognitive structure of emotions[M].,"Cambridge: Cambridge university press, ",p ,1990,,"Ortony A, Clore G L, Collins A. The cognitive structure of emotions[M]. Cambridge: Cambridge university press, 1990."
"Elliott,C.",The Affeetive Reasoner: A Proeess Model of Emotions in a Multi-agentSystem[D].,"Ph.D. Dissertation, Northwestn University, The Institute for the Learning Seiences, Technical RePort N0.32.",p ,1992,,"Elliott,C.The Affeetive Reasoner: A Proeess Model of Emotions in a Multi-agentSystem[D]. Ph.D. Dissertation, Northwestn University, The Institute for the Learning Seiences, Technical RePort N0.32.1992."
Elliott C.,Multimedia communication with emotion-driven Believable-Agents[C],AAAI Spring Symposium on Believable Agents. ,p ,1994,,"Elliott C. Multimedia communication with emotion-driven Believable-Agents[C]//AAAI Spring Symposium on Believable Agents. 1994, 94."
"Shaikh M A M, Helmut P, Ishizuka M.",A cognitively based approach to affect sensing from text[C],"Proceedings of the 11th international conference on Intelligent user interfaces. ACM, ",p ,2006,303-305,"Shaikh M A M, Helmut P, Ishizuka M. A cognitively based approach to affect sensing from text[C]//Proceedings of the 11th international conference on Intelligent user interfaces. ACM, 2006: 303-305."
庞娜.,基于 OCC 模型的文本情感识别方法的研究[D].,"太原: 太原理工大学计算机科学与技术学院, ",p ,2008,,"庞娜. 基于 OCC 模型的文本情感识别方法的研究[D]. 太原: 太原理工大学计算机科学与技术学院, 2008."
"Clore G L, Palmer J.",Affective guidance of intelligent agents: How emotion controls cognition[J].,"Cognitive Systems Research, ",p 10(1),2009,21-30,"Clore G L, Palmer J. Affective guidance of intelligent agents: How emotion controls cognition[J]. Cognitive Systems Research, 2009, 10(1):21-30."
"方予, 陈增强, 袁著祉.",基于人工智能的情感模型建立[J].,"信息与控制, ",p 35(6),2006,673-678,"方予, 陈增强, 袁著祉. 基于人工智能的情感模型建立[J]. 信息与控制, 2006, 35(6):673-678."
"Duraisamy P, Duraisamy M.",A Logic of Emotions for Intelligent Agents.[C],"National Conference on Artificial Intelligence. AAAI Press, ",p ,2007,142-147,"Duraisamy P, Duraisamy M. A Logic of Emotions for Intelligent Agents.[C]// National Conference on Artificial Intelligence. AAAI Press, 2007:142-147."
"付彦飞, 牛秦洲, 陶小梅.",基于情感计算的个性化E-learning系统的研究[J].,"微计算机信息, ",p 26(36),2010,241-244,"付彦飞, 牛秦洲, 陶小梅. 基于情感计算的个性化E-learning系统的研究[J]. 微计算机信息, 2010, 26(36):241-244."
"乔向杰,王志良等.",基于OCC模型的E-learning系统情感建模[J].,计算机科学，,p ,2010,,"乔向杰,王志良等. 基于OCC模型的E-learning系统情感建模[J].计算机科学，2010，（5）：214-218."
"A. Bechara , H. Damasio , & A.R. Damasio (2000).","Emotion, decision making and the orbitofrontal cortex[J].","Cerebral Cortex, ",p 10 (3),,,"A. Bechara , H. Damasio , & A.R. Damasio (2000). Emotion, decision making and the orbitofrontal cortex[J]. Cerebral Cortex, 10 (3), 295–307."
"Reisenzein R, Hudlicka E, Dastani M, et al.",Computational modeling of emotion: Toward improving the inter-and intradisciplinary exchange[J].,"IEEE Transactions on Affective Computing, ",p 4(3),2013,246-266,"Reisenzein R, Hudlicka E, Dastani M, et al. Computational modeling of emotion: Toward improving the inter-and intradisciplinary exchange[J]. IEEE Transactions on Affective Computing, 2013, 4(3): 246-266."
R.W.,"Picard, Affective Computing[M].","Cambridge: IT Press, ",p ,1997,,"R.W. Picard, Affective Computing[M]. Cambridge: IT Press, 1997."
Block N.,Readings in philosophy of psychology[M].,"Harvard University Press, 1980：171-184.",p ,,,"Block N. Readings in philosophy of psychology[M]. Harvard University Press, 1980：171-184."
"Folkman S, Lazarus R S, Dunkel-Schetter C, et al.","Dynamics of a stressful encounter: Cognitive appraisal, coping, and encounter outcomes[J].","Journal of personality and social psychology, ",p 50(5),1986,,"Folkman S, Lazarus R S, Dunkel-Schetter C, et al. Dynamics of a stressful encounter: Cognitive appraisal, coping, and encounter outcomes[J]. Journal of personality and social psychology, 1986, 50(5): 992."
Newell A.,Unified the theories of cognition[M].,"Cambridge, MA, USA: Harvard University,",p ,1990,42-107,"Newell A. Unified the theories of cognition[M].Cambridge, MA, USA: Harvard University,1990:42-107."
"J.E. Laird, A. Newell, and P.S. Rosenbloom.",“Soar: An Architecture for General intelligence[J].,"Artificial Intelligence, ",p (33),1987,1-64,"J.E. Laird, A. Newell, and P.S. Rosenbloom. “Soar: An Architecture for General intelligence[J]. Artificial Intelligence, 1987, (33), 1-64."
Russell J A.,Core affect and the psychological construction of emotion.[J].,"Psychological Review, ",p 110(1),2003,145-72,"Russell J A. Core affect and the psychological construction of emotion.[J]. Psychological Review, 2003, 110(1):145-72."
R. Sun.,Introduction to Computational Cognitive Modeling [M].,"Cambridge Handbook of Computational Psychology, Cambridge Univ. Press, ",p ,2008,3-19,"R. Sun. Introduction to Computational Cognitive Modeling [M]. Cambridge Handbook of Computational Psychology, Cambridge Univ. Press, 2008, 3-19,"
"A. Stocco, D. Fum, and T. Zalla.",Revising the Role of Somatic Markers in the Gambling Task: A computational account for neurppsychological impairments[C].,"Proc. 27th Ann. Conf. Cognitve science Soc., ",p ,2005,,"A. Stocco, D. Fum, and T. Zalla. Revising the Role of Somatic Markers in the Gambling Task: A computational account for neurppsychological impairments[C]. Proc. 27th Ann. Conf. Cognitve science Soc., 2005."
"Reisenzein R, Hudlicka E, Dastani M, et al.",Computational Modeling of Emotion: Toward Improving the Inter- and Intradisciplinary Exchange[J].,"IEEE Transactions on Affective Computing, ",p 4(3),2013,246-266,"Reisenzein R, Hudlicka E, Dastani M, et al. Computational Modeling of Emotion: Toward Improving the Inter- and Intradisciplinary Exchange[J]. IEEE Transactions on Affective Computing, 2013, 4(3):246-266."
Sloman A.,Prolegomena to a Theory of Communication and Affect[J].,"Nato Asi, ",p 42(6),1992,1687-1693,"Sloman A. Prolegomena to a Theory of Communication and Affect[J]. Nato Asi, 1992, 42(6):1687-1693."
"Laird J E, Newell A, Rosenbloom P S.",SOAR: an architecture for general intelligence[J].,"Artificial Intelligence, ",p 33(1),1987,1-64,"Laird J E, Newell A, Rosenbloom P S. SOAR: an architecture for general intelligence[J]. Artificial Intelligence, 1987, 33(1):1-64."
Newell A.,Unified theories of cognition.[J].,"Journal of Cognitive Neuroscience, ",p 3(3),1991,,"Newell A. Unified theories of cognition.[J]. Journal of Cognitive Neuroscience, 1991, 3(3):301."
"Anderson J R, Lebiere C.",The atomic components of thought.[J].,"Journal of Mathematical Psychology, ",p 45(6),1998,917-923,"Anderson J R, Lebiere C. The atomic components of thought.[J]. Journal of Mathematical Psychology, 1998, 45(6):917-923."
"Anderson J R, Bothell D, Byrne M D, et al.",An integrated theory of the mind[J].,"Psychological Review, 2004, ",p 111(4),1036,,"Anderson J R, Bothell D, Byrne M D, et al. An integrated theory of the mind[J]. Psychological Review, 2004, 111(4):1036."
Anderson JR.,Using brain imaging to guide the development of a cognitive architecture[M],"Integrated Models of Cognitive Systems. NewYork, NY, USA: Oxford University Press, ",p ,2007,49-62,"Anderson JR.Using brain imaging to guide the development of a cognitive architecture[M]//Integrated Models of Cognitive Systems. NewYork, NY, USA: Oxford University Press, 2007:49-62."
"Anderson J R, Matessa M, Lebiere C.",ACT-R: A theory of higher level cognition and its relation to visual attention[J].,"Human-Computer Interaction, ",p 12(4),1997,439-462,"Anderson J R, Matessa M, Lebiere C. ACT-R: A theory of higher level cognition and its relation to visual attention[J]. Human-Computer Interaction, 1997, 12(4): 439-462."
Newell A.,Unified the theories of cognition[M].,"Cambridge, MA, USA: Harvard University,",p ,1990,42-107,"Newell A. Unified the theories of cognition[M].Cambridge, MA, USA: Harvard University,1990:42-107."
李瑾坤.,知识作业过程及难度描述[D].,"成都: 电子科技大学, ",p ,2009,,"李瑾坤. 知识作业过程及难度描述[D]. 成都: 电子科技大学, 2009."
"Anderson J R, Lebiere C J.",The atomic components of thought[M].,"Hove: Psychology Press, ",p ,2014,,"Anderson J R, Lebiere C J. The atomic components of thought[M]. Hove: Psychology Press, 2014."
"Belavkin R V, Ritter F E, Elliman D G.",Towards Including Simple Emotions in a Cognitive Architecture in Order to Better Fit Children's Behavior[C],Proceedings of the ,p ,1999,,"Belavkin R V, Ritter F E, Elliman D G. Towards Including Simple Emotions in a Cognitive Architecture in Order to Better Fit Children's Behavior[C]//Proceedings of the 1999 Conference of the Cognitive Science Society. 1999: 784."
Belavkin R V.,The role of emotion in problem solving[J].,"C Johnson Proceedings of the Aisb ’01 Symposium on Emotion Cognition & Affective Computing, ",p ,2001,49-57,"Belavkin R V. The role of emotion in problem solving[J]. C Johnson Proceedings of the Aisb ’01 Symposium on Emotion Cognition & Affective Computing, 2001:49-57."
Belavkin R V.,Modelling the inverted-U effect in ACT-R[C],Proceedings of the ,p ,2001,275-76,Belavkin R V. Modelling the inverted-U effect in ACT-R[C]//Proceedings of the 2001 Fourth International Conference on Cognitive Modeling. 2001: 275-76.
Lin J.,Emotion generation integration into cognitive architecture[J].,"Affective Computing and Intelligent Interaction, ",p (6975),2011,232-239,"Lin J. Emotion generation integration into cognitive architecture[J]. Affective Computing and Intelligent Interaction, 2011: (6975), 232-239."
Scherer K R.,Appraisal considered as a process of multilevel sequential checking[J].,"Appraisal processes in emotion: Theory, methods, research, ",p 92(120),2001,,"Scherer K R. Appraisal considered as a process of multilevel sequential checking[J]. Appraisal processes in emotion: Theory, methods, research, 2001, 92(120): 57."
"Marinier R P, Laird J E, Lewis R L.",A computational unification of cognitive behavior and emotion[J].,"Cognitive Systems Research, ",p 10(1),2009,48-69,"Marinier R P, Laird J E, Lewis R L. A computational unification of cognitive behavior and emotion[J]. Cognitive Systems Research, 2009, 10(1): 48-69."
骆翔宇.,多智能体系统的符号模型检测[D].,"广州: 中山大学, ",p ,2006,,"骆翔宇. 多智能体系统的符号模型检测[D]. 广州: 中山大学, 2006."
"Cimatti A, Clarke E, Giunchiglia F, et al.",NuSMV: A new symbolic model verifier[C],"International conference on computer aided verification. Springer Berlin Heidelberg, ",p ,1999,495-499,"Cimatti A, Clarke E, Giunchiglia F, et al. NuSMV: A new symbolic model verifier[C]//International conference on computer aided verification. Springer Berlin Heidelberg, 1999: 495-499."
"Bormann J, Lohse J, Payer M, et al.",Model checking in industrial hardware design[C],"Proceedings of the 32nd annual ACM/IEEE Design Automation Conference. ACM, ",p ,1995,298-303,"Bormann J, Lohse J, Payer M, et al. Model checking in industrial hardware design[C]//Proceedings of the 32nd annual ACM/IEEE Design Automation Conference. ACM, 1995: 298-303."
"Chen Y A, Clarke E, Ho P H, et al.",Verification of all circuits in a floating-point unit using word-level model checking[C],"International Conference on Formal Methods in Computer-Aided Design. Springer Berlin Heidelberg, ",p ,1996,19-33,"Chen Y A, Clarke E, Ho P H, et al. Verification of all circuits in a floating-point unit using word-level model checking[C]//International Conference on Formal Methods in Computer-Aided Design. Springer Berlin Heidelberg, 1996: 19-33."
"Clarke E M, Grumberg O, Hiraishi H, et al.",Verification of the Futurebus+ Cache Coherence Protocol[C],CHDL. ,p ,1993,15-30,"Clarke E M, Grumberg O, Hiraishi H, et al. Verification of the Futurebus+ Cache Coherence Protocol[C]//CHDL. 1993, 93: 15-30."
"Turk A, Probst S, Powers G.",Verification of real time chemical processing systems[C],"Hybrid and Real-Time Systems. Springer Berlin/Heidelberg, ",p ,1997,259-272,"Turk A, Probst S, Powers G. Verification of real time chemical processing systems[C]//Hybrid and Real-Time Systems. Springer Berlin/Heidelberg, 1997: 259-272."
"Henk Eertink, Wil Janssen, Paul Oude Luttighuis, Wouter B. Teeuw, Chris A. Vissers.",A Business Process Design Language[Z].,"Lecture Notes in Computer Science 1708 - World Congress on Formal Methods (FM 99). Berlin: Springer-Verlag, ",p ,1999,76-95,"Henk Eertink, Wil Janssen, Paul Oude Luttighuis, Wouter B. Teeuw, Chris A. Vissers. A Business Process Design Language[Z]. Lecture Notes in Computer Science 1708 - World Congress on Formal Methods (FM 99). Berlin: Springer-Verlag, 1999. 76-95."
Zhang W.,Model Checking Operator Procedures[C],"and, International SPIN Workshops on Theoretical and Practical Aspects of SPIN Model Checking. Springer-Verlag, ",p ,1999,200-215,"Zhang W. Model Checking Operator Procedures[C]// and, International SPIN Workshops on Theoretical and Practical Aspects of SPIN Model Checking. Springer-Verlag, 1999:200-215."
McMillan K L.,Model checking[M].,"New Jersey: John Wiley and Sons Ltd., ",p ,2003,,"McMillan K L. Model checking[M]. New Jersey: John Wiley and Sons Ltd., 2003."
"Dovier A, Quintarelli E.",Applying model-checking to solve queries on semistructured data[J].,"Computer Languages, Systems & Structures, ",p 35(2),2009,143-172,"Dovier A, Quintarelli E. Applying model-checking to solve queries on semistructured data[J]. Computer Languages, Systems & Structures, 2009, 35(2): 143-172."
"Mezzanzanica M, Boselli R, Cesarini M, et al.",A model-based evaluation of data quality activities in KDD[J].,"Information Processing & Management, ",p 51(2),2015,,"Mezzanzanica M, Boselli R, Cesarini M, et al. A model-based evaluation of data quality activities in KDD[J]. Information Processing & Management, 2015, 51(2):144–166."
"路霞, 吴鹏, 王曰芬, 等.",中文专利数据地址信息清洗框架及实现[J].,"情报理论与实践, ",p 39(4),2016,128-132,"路霞, 吴鹏, 王曰芬, 等. 中文专利数据地址信息清洗框架及实现[J]. 情报理论与实践, 2016, 39(4): 128-132."
"Maggi A, Petrocchi M, Spognardi A, et al.",A language-based approach to modelling and analysis of Twitter interactions[J].,"Journal of Logical and Algebraic Methods in Programming, ",p (9),2016,1-42,"Maggi A, Petrocchi M, Spognardi A, et al. A language-based approach to modelling and analysis of Twitter interactions[J]. Journal of Logical and Algebraic Methods in Programming, 2016, (9):1-42."
